859257807547908_1014935708646783,link,"NÄƒm cÃ¡n bá»™, chiáº¿n sÄ© báº£o vá»‡ tÆ° phÃ¡p CÃ´ng an TP Phan Rang - ThÃ¡p ChÃ m Ä‘Ã£ bá»‹ cÆ¡ quan Ä‘iá»u tra cá»§a VKS Tá»‘i cao khá»Ÿi tá»‘ bá»‹ can vÃ¬ tá»™i dÃ¹ng nhá»¥c hÃ¬nh. Hai trong sá»‘ Ä‘Ã³ bá»‹ báº¯t giam.

http://news.zing.vn/zingnews-post798634.html","Khá»Ÿi tá»‘, báº¯t giam 2 cáº£nh sÃ¡t Ä‘Ã¡nh cháº¿t bá»‹ can trong nhÃ  táº¡m giá»¯",http://news.zing.vn/zingnews-post798634.html,2017-11-24 20:17:11,5,0,3
859257807547908_1002057046601316,link,"DÃ¢n Ninh thuáº­n mÃ¬nh chuáº©n bá»‹ láº¡i khá»• rá»“i 
https://www.baomoi.com/ninh-thuan-cam-tuyet-doi-tau-thuyen-ra-khoi/c/23797498.epi",Ninh Thuáº­n cáº¥m tuyá»‡t Ä‘á»‘i tÃ u thuyá»n ra khÆ¡i,https://www.baomoi.com/ninh-thuan-cam-tuyet-doi-tau-thuyen-ra-khoi/c/23797498.epi,2017-11-03 11:26:05,18,0,4
859257807547908_976335132506841,link,Dáº¡i dá»™t tháº¿ khÃ´ng biáº¿t :,ÄÄƒng clip 'mÃ¢y mÆ°a' vá»›i ngÆ°á»i tÃ¬nh cÅ© lÃªn trang web khiÃªu dÃ¢m,http://www.baomoi.com/dang-clip-may-mua-voi-nguoi-tinh-cu-len-trang-web-khieu-dam/c/23316293.epi,2017-09-19 16:22:10,0,0,0
859257807547908_976317755841912,link,á» thÃ¬ nhá»¥c hÃ¬nh ğŸ˜,Khá»Ÿi tá»‘ vá»¥ Ã¡n dÃ¹ng nhá»¥c hÃ¬nh á»Ÿ Ninh Thuáº­n,http://tuoitre.vn/khoi-to-vu-an-dung-nhuc-hinh-o-ninh-thuan-20170919141657291.htm,2017-09-19 15:20:10,11,0,1
859257807547908_971865496287138,link,"Bá»‘n thanh niÃªn á»Ÿ xÃ£ PhÆ°Æ¡ng Háº£i (Ninh Thuáº­n) sau khi nháº­u háº¿t má»“i Ä‘Ã£ rá»§ nhau vÃ o cÃ´ng trÃ¬nh Ä‘iá»‡n giÃ³ Ä‘ang thi cÃ´ng táº¡i Ä‘á»‹a phÆ°Æ¡ng, táº¥n cÃ´ng báº£o vá»‡, cÆ°á»›p 2 bÃ¬nh áº¯c quy.","Nháº­u háº¿t má»“i, 4 thanh niÃªn vÃ o cÃ´ng trÃ¬nh Ä‘iá»‡n giÃ³ cÆ°á»›p tÃ i sáº£n",http://news.zing.vn/nhau-het-moi-4-thanh-nien-vao-cong-trinh-dien-gio-cuop-tai-san-post778719.html,2017-09-11 13:10:00,4,1,1
859257807547908_971807206292967,photo,"Bá»‹ can cháº¿t sau cuá»™c Ä‘Ã¡nh nhau trong khi bá»‹ táº¡m giam?

Theo Viá»‡n KSND tá»‰nh Ninh Thuáº­n, dá»¯ liá»‡u trÃ­ch xuáº¥t camera cho tháº¥y cÃ³ vá»¥ Ä‘Ã¡nh nhau trong nhÃ  táº¡m giá»¯ trÆ°á»›c khi bá»‹ can VÃµ Táº¥n Minh tá»­ vong.
Chiá»u 10/9, bÃ  Pháº¡m Thá»‹ Thu Huyá»n á»Ÿ TP Phan Rang, ThÃ¡p ChÃ m, Ninh Thuáº­n cho biáº¿t VÃµ Táº¥n Minh (25 tuá»•i), con bÃ , Ä‘Ã£ tá»­ vong trong khi Ä‘ang bá»‹ cÃ´ng an táº¡m giá»¯. Thi thá»ƒ Minh Ä‘Ã£ Ä‘Æ°á»£c bÃ n giao cho gia Ä‘Ã¬nh lo háº­u sá»±.

Bi can chet sau cuoc danh nhau trong khi bi tam giam? - Anh 1

Gia Ä‘Ã¬nh bÃ  Pháº¡m Thá»‹ Thu Huyá»n lo háº­u sá»± cho VÃµ Táº¥n Minh

BÃ  Huyá»n cho biáº¿t cÃ¡ch Ä‘Ã¢y hÆ¡n 4 thÃ¡ng, ngÃ y 28/4, Minh Ä‘ang Ä‘i trÃªn Ä‘Æ°á»ng thÃ¬ bá»‹ cÃ´ng an báº¯t giá»¯.

Sau Ä‘Ã³, cÃ´ng an thÃ´ng bÃ¡o cho bÃ  biáº¿t, khi kiá»ƒm tra trong ngÆ°á»i Minh cÃ³ máº¥y tÃ©p heroin nÃªn táº¡m giá»¯ Minh Ä‘á»ƒ Ä‘iá»u tra.

Ká»ƒ tá»« Ä‘Ã³, gia Ä‘Ã¬nh bÃ  nhiá»u láº§n ra tráº¡i giam cÃ´ng an tá»‰nh Ninh Thuáº­n (ngoÃ i huyá»‡n Thuáº­n Báº¯c) thÄƒm Minh, láº§n cuá»‘i thÄƒm vÃ o ngÃ y 30/8.

VÃ o chiá»u 8/9, cÃ´ng an tá»‰nh Ä‘áº¿n nhÃ  bÃ  bÃ¡o tin Minh Ä‘Ã£ cháº¿t, Ä‘ang náº±m á»Ÿ nhÃ  Ä‘áº¡i thá»ƒ Bá»‡nh viá»‡n Ä‘a khoa tá»‰nh Ninh Thuáº­n.

Gia Ä‘Ã¬nh bÃ  vá»™i Ä‘áº¿n nhÃ  Ä‘áº¡i thá»ƒ thÃ¬ tháº¥y trÃªn lÆ°ng, chÃ¢n, tay Minh cÃ³ nhiá»u váº¿t, máº£ng báº§m. Gia Ä‘Ã¬nh nghi Minh bá»‹ Ä‘Ã¡nh. Pháº§n sau gÃ¡y (sau khi cáº¡o tÃ³c Ä‘á»ƒ khÃ¡m nghiá»‡m tá»­ thi) tháº¥y cÃ³ má»™t váº¿t báº§m dÃ i khoáº£ng 6cm.

CÆ¡ quan chá»©c nÄƒng cho biáº¿t máº¥y ngÃ y trÆ°á»›c Ä‘Ã³, Minh Ä‘Æ°á»£c di lÃ½ tá»« tráº¡i giam CÃ´ng an tá»‰nh Ninh Thuáº­n vá» nhÃ  táº¡m giá»¯ CÃ´ng an TP Phan Rang - ThÃ¡p ChÃ m.

Äáº¿n chiá»u 8/9, cÃ³ xáº£y ra má»™t vá»¥ Ä‘Ã¡nh nhau á»Ÿ Ä‘Ã¢y. Tháº¥y Minh ngáº¥t xá»‰u trong nhÃ  táº¡m giá»¯, cÃ´ng an Ä‘Æ°a Minh Ä‘áº¿n bá»‡nh viá»‡n tá»‰nh cáº¥p cá»©u. LÃºc 17h chiá»u 8/9 thÃ¬ Minh cháº¿t.

Ngay sau Ä‘Ã³, cÆ¡ quan chá»©c nÄƒng Ä‘Ã£ khÃ¡m nghiá»‡m hiá»‡n trÆ°á»ng nÆ¡i Minh, khÃ¡m nghiá»‡m tá»­ thi tÃ¬m nguyÃªn nhÃ¢n dáº«n Ä‘áº¿n tá»­ vong.

Chiá»u 10/9, Ã´ng Nguyá»…n Tiáº¿n Háº£i, Viá»‡n trÆ°á»Ÿng Viá»‡n Kiá»ƒm sÃ¡t nhÃ¢n dÃ¢n tá»‰nh Ninh Thuáº­n cho biáº¿t qua trÃ­ch xuáº¥t tá»« camera an ninh táº¡i nhÃ  táº¡m giá»¯ CÃ´ng an TP Phan Rang - ThÃ¡p ChÃ m, bÆ°á»›c Ä‘áº§u xÃ¡c Ä‘á»‹nh lÃ  cÃ³ xáº£y ra má»™t vá»¥ Ä‘Ã¡nh nhau vÃ o chiá»u 8/9.

Hiá»‡n vá»¥ Ã¡n Ä‘ang Ä‘Æ°á»£c cÃ¡c cÆ¡ quan chá»©c nÄƒng phá»‘i há»£p Ä‘iá»u tra./.

Theo Minh TrÃ¢n/Tuá»•i Tráº»",Photos from Tin Nhanh Ninh Thuáº­n's post,https://www.facebook.com/tinnhanhninhthuan/photos/a.859268640880158.1073741828.859257807547908/971807129626308/?type=3,2017-09-11 10:19:49,12,3,3
859257807547908_969541363186218,photo,"Khoáº£ng 22h ngÃ y 05/9/2017, cÃ³ 04 ngÆ°á»i gá»“m: Nguyá»…n ÄÃ¬nh NghÄ©a 55 tuá»•i, Thá»›i Kháº©n 53 tuá»•i, Nguyá»…n VÄƒn PhÆ°Æ¡ng 47 tuá»•i vÃ  bÃ  Huá»³nh Thá»‹ Thu HÃ , 49 tuá»•i, cÃ¹ng ngá»¥ táº¡i xÃ£ Má»¹ SÆ¡n Ä‘i trÃªn 2 xe bÃ² Ä‘á»ƒ sang sÃ´ng CÃ¡i chá»Ÿ nÃ´ng sáº£n.
Äi Ä‘Æ°á»£c má»™t Ä‘oáº¡n thÃ¬ báº¥t ngá» lÅ© vá», cá»™ng vá»›i nÆ°á»›c cháº£y xiáº¿t Ä‘Ã£ cuá»‘n trÃ´i cáº£ ngÆ°á»i vÃ  xe bÃ².
Ã”ng PhÆ°Æ¡ng may máº¯n bÆ¡i Ä‘Æ°á»£c vÃ o bá», cÃ²n nhá»¯ng ngÆ°á»i khÃ¡c bá»‹ nÆ°á»›c cuá»‘n trÃ´i máº¥t tÃ­ch.
ÄÆ°á»£c biáº¿t, trÆ°á»›c Ä‘Ã³ cáº£ 4 ngÆ°á»i nÃ y dÃ¹ng xe bÃ² Ä‘i tá»« bÃªn nÃ y qua bÃªn kia sÃ´ng an toÃ n. Tuy nhiÃªn, khi vá» thÃ¬ nÆ°á»›c Ä‘áº§u nguá»“n Ä‘á»• vá» cuá»‘n trÃ´i ba ngÆ°á»i.
Ngay sau khi nháº­n Ä‘Æ°á»£c thÃ´ng tin, cÃ¡c lá»±c lÆ°á»£ng chá»©c nÄƒng Ä‘Ã£ tÃ­ch cá»±c huy Ä‘á»™ng lá»±c lÆ°á»£ng Ä‘á»ƒ tÃ¬m kiáº¿m tung tÃ­ch cá»§a ba ngÆ°á»i bá»‹ lÅ© cuá»‘n. Hiá»‡n cÃ´ng tÃ¡c tÃ¬m kiáº¿m Ä‘ang gáº·p khÃ³ khÄƒn bá»Ÿi nÆ°á»›c quÃ¡ Ä‘á»¥c vÃ  cháº£y xiáº¿t.
P/s: Like & Share trang Ä‘á»ƒ cáº­p nháº­t thÃ´ng tin má»›i nháº¥t

Theo: An Ninh Ninh",Photos from Tin Nhanh Ninh Thuáº­n's post,https://www.facebook.com/tinnhanhninhthuan/photos/a.859268640880158.1073741828.859257807547908/969541243186230/?type=3,2017-09-07 08:50:01,16,0,0
859257807547908_889191664554522,photo,"Ninh Thuáº­n: Kinh hoÃ ng con gÃ¡i dÃ¹ng dao Ä‘Ã¢m cháº¿t cha

Vá»¥ viá»‡c Ä‘au lÃ²ng xáº£y ra táº¡i khu phá»‘ 2, thá»‹ tráº¥n PhÆ°á»›c DÃ¢n, huyá»‡n Ninh PhÆ°á»›c, tá»‰nh Ninh Thuáº­n. Hiá»‡n CÆ¡ quan CSÄT CÃ´ng an tá»‰nh Ninh Thuáº­n Ä‘Ã£ khá»Ÿi tá»‘ vá»¥ Ã¡n, khá»Ÿi tá»‘ bá»‹ can Ä‘á»ƒ Ä‘iá»u tra.

Theo CÆ¡ quan Cáº£nh sÃ¡t Ä‘iá»u tra, CÃ´ng an tá»‰nh Ninh Thuáº­n, tá»‘i 26.4, anh Diá»‡p Quá»‘c HÃ¹ng (47 tuá»•i) Ä‘i nháº­u vá» cÃ³ la ráº§y con gÃ¡i lÃ  Diá»‡p Thá»‹ Má»¹ Thoa (20 tuá»•i). Thoa cÃ£i vÃ£ vá»›i cha vÃ  giá»¯a 2 ngÆ°á»i xáº£y ra xÃ´ xÃ¡t.

Äang cÆ¡n nÃ³ng giáº­n, Thoa cáº§m dao nhá»n Ä‘Ã¢m trÃºng ngá»±c trÃ¡i cha mÃ¬nh dáº«n Ä‘áº¿n tá»­ vong.

Theo ngÆ°á»i dÃ¢n Ä‘á»‹a phÆ°Æ¡ng, trÆ°á»›c Ä‘Ã¢y Thoa cÃ³ Ä‘i lÃ m thuÃª á»Ÿ TP HCM nhÆ°ng do bá»‹ bá»‡nh tháº§n kinh nÃªn nghá»‰ viá»‡c vá» gia Ä‘Ã¬nh chá»¯a trá»‹.

Máº¹ Thoa thÆ°á»ng ngÃ y Ä‘i bÃ¡n vÃ© sá»‘. Gia Ä‘Ã¬nh thá»‰nh thoáº£ng kÃª bÃ n thá», rÆ°á»›c tháº§y bÃ¹a vá» nhÃ  â€œtrá»« tÃ â€ cho Thoa.

Hiá»‡n cÆ¡ quan Ä‘iá»u tra Ä‘Ã£ khá»Ÿi tá»‘ vá»¥ Ã¡n, khá»Ÿi tá»‘ bá»‹ can Ä‘á»ƒ Ä‘iá»u tra lÃ m rÃµ hÃ nh vi giáº¿t ngÆ°á»i Ä‘á»‘i vá»›i Thoa.

Mai PhÆ°Æ¡ng
BÃO LAO Äá»˜NG",Timeline Photos,https://www.facebook.com/tinnhanhninhthuan/photos/a.859268640880158.1073741828.859257807547908/889191664554522/?type=3,2017-04-28 07:50:54,5,7,8
859257807547908_880795915394097,photo,"TrÆ°a ngÃ y 13.4, táº¡i P.ÄÃ i SÆ¡n, TP. Phan Rang - ThÃ¡p ChÃ m (Ninh Thuáº­n) xáº£y ra vá»¥ Ä‘iá»‡n giáº­t lÃ m má»™t phá»¥ ná»¯ tá»­ vong, má»™t bÃ© trai 9 tuá»•i bá»‹ thÆ°Æ¡ng náº·ng.

Theo ngÆ°á»i nhÃ  náº¡n nhÃ¢n, bÃ  Pháº¡m Thá»‹ ÄÃ´ng (47 tuá»•i, ngá»¥ á»Ÿ KP1, P.ÄÃ i SÆ¡n) Ä‘á»©ng trÃªn gháº¿, cÄƒng láº¡i sá»£ dÃ¢y thÃ©p Ä‘á»ƒ máº¯c láº¡i rÃ¨m cá»­a trong ngÃ´i nhÃ  cá»§a mÃ¬nh.

KhÃ´ng may, sá»£i dÃ¢y thÃ©p vÆ°á»›ng vÃ o cáº§u dao Ä‘iá»‡n nÃªn bÃ  ÄÃ´ng bá»‹ Ä‘iá»‡n giáº­t, rÆ¡i xuá»‘ng ná»n nhÃ .

CÃ¹ng lÃºc, chÃ¡u NgÃ´ Thanh HoÃ ng (9 tuá»•i, con trai bÃ  ÄÃ´ng) vá»«a Ä‘i há»c vá» tháº¥y máº¹ náº±m giá»¯a ná»n nhÃ  liá»n cháº¡y Ä‘áº¿n Ã´m máº¹ cÅ©ng bá»‹ Ä‘iá»‡n giáº­t tiáº¿p.

Nghe tiáº¿ng la hÃ©t, nhá»¯ng ngÆ°á»i á»Ÿ ká» cáº­n nhÃ  bÃ  ÄÃ´ng cháº¡y Ä‘áº¿n cÃºp cáº§u dao Ä‘iá»‡n, Ä‘Æ°a hai máº¹ con Ä‘i cáº¥p cá»©u.

Do bá»‹ thÆ°Æ¡ng quÃ¡ náº·ng, bÃ  ÄÃ´ng bá»‹ tá»­ vong ngay sau Ä‘Ã³; chÃ¡u HoÃ ng hiá»‡n Ä‘ang cáº¥p cá»©u táº¡i Bá»‡nh viá»‡n Äa khoa tá»‰nh Ninh Thuáº­n.

BÃ  Tráº§n TÃº Oanh, TrÆ°á»Ÿng Ban quáº£n lÃ½ KP1, P.ÄÃ i SÆ¡n cho biáº¿t, hoÃ n cáº£nh bÃ  ÄÃ´ng ráº¥t khÃ³ khÄƒn. NÄƒm 2006, chá»“ng bÃ  bá»‹ tai biáº¿n tá»­ vong, má»™t mÃ¬nh bÃ  nuÃ´i 4 ngÆ°á»i con Ä‘ang trong Ä‘á»™ tuá»•i Äƒn há»c.

BÃ  con á»Ÿ Ninh Thuáº­n xin giÃºp gia Ä‘Ã¬nh cÃ¡c chÃ¡u. NhÃ  chÃ¡u ráº¥t nghÃ¨o há» hÃ ng hai bÃªn cÅ©ng khá»• hiá»‡n á»Ÿ 30/1 pháº¡m hÃ¹ng, khu mÆ°Æ¡ng cÃ¡t. :(",Timeline Photos,https://www.facebook.com/tinnhanhninhthuan/photos/a.859268640880158.1073741828.859257807547908/880795915394097/?type=3,2017-04-14 12:12:43,8,1,1
859257807547908_880295812110774,photo,"Chá»“ng tráº» dÃ¹ng rÃ¬u truy sÃ¡t vá»£ rá»“i táº©m xÄƒng tá»± thiÃªu gÃ¢y xÃ´n xao

Sau cÃ£i vÃ£, ngÆ°á»i chá»“ng tráº» dÃ¹ng rÃ¬u truy sÃ¡t vá»£ cá»§a mÃ¬nh. Sau khi chÃ©m vá»£ ngÃ£ gá»¥c, ngÆ°á»i chá»“ng báº¥t ngá» táº©m xÄƒng rá»“i chÃ¢m lá»­a tá»± thiÃªu.
NgÃ y 11/4, phÃ­a cÆ¡ quan CÃ´ng an Q.TÃ¢n BÃ¬nh, TP.HCM cho biáº¿t Ä‘ang kháº©n trÆ°Æ¡ng Ä‘iá»u tra lÃ m rÃµ nguyÃªn nhÃ¢n vá»¥ viá»‡c chá»“ng tráº» dÃ¹ng rÃ¬u truy sÃ¡t vá»£ rá»“i táº©m xÄƒng tá»± thiÃªu.

Con hiá»ƒm nÆ¡i xáº©y ra vá»¥ viá»‡c chá»“ng dÃ¹ng rÃ¬u truy sÃ¡t vá»£ rá»“i táº©m xÄƒng tá»± thiÃªu. áº¢nh Vietnamnet

Vá»¥ viá»‡c xáº©y ra vÃ o ngÃ y 9/4 táº¡i háº»m 536 Ä‘Æ°á»ng Ã‚u CÆ¡ (PhÆ°á»ng 10, quáº­n TÃ¢n BÃ¬nh). Nhiá»u ngÆ°á»i xung quanh nghe tiáº¿ng cÃ£i vÃ£ phÃ¡t ra tá»« nhÃ  cá»§a anh anh VÄƒn Äá»©c HÃ n (SN 1994) vÃ  Äinh Thá»‹ Diá»…m Há»“ng (SN 1999, cÃ¹ng ngá»¥ tá»‰nh Ninh Thuáº­n).

Má»™t lÃºc sau, hÃ ng xÃ³m hoáº£ng há»‘t khi nghe tiáº¿ng kÃªu cá»©u cá»§a chá»‹ Há»“ng. Nhiá»u ngÆ°Æ¡i xung quanh phÃ¡t hiá»‡n anh HÃ n Ä‘ang dÃ¹ng rÃ¬u truy sÃ¡t vá»£. Khi chá»‹ Há»“ng cháº¡y tá»›i ngÃ´i nhÃ  sá»‘ 536/13 thÃ¬ anh HÃ n Ä‘uá»•i ká»‹p vÃ  dÃ¹ng chiáº¿c rÃ¬u cáº§m trÃªn tay chÃ©m tá»›i táº¥p vÃ o Ä‘áº§u vá»£ mÃ¬nh khiáº¿n chá»‹ ngÃ£ gá»¥c xuá»‘ng.

Sau Ä‘Ã³, anh HÃ n cáº§m chai xÄƒng Ä‘á»• lÃªn ngÆ°á»i, chÃ¢m lá»­a Ä‘á»‘t. Má»i ngÆ°á»i xung quanh tÃ¬m cÃ¡ch dáº­p lá»­a vÃ  Ä‘Æ°a cáº£ 2 vá»£ chá»“ng Ä‘i cáº¥p cá»©u trong tÃ¬nh tráº¡ng nguy ká»‹ch.

Nháº­n Ä‘Æ°á»£c tin bÃ¡o vá»¥ viá»‡c, lá»±c lÆ°á»£ng chá»©c nÄƒng quáº­n TÃ¢n BÃ¬nh Ä‘Ã£ cÃ³ máº·t ká»‹p thá»i khÃ¡m nghiá»‡m hiá»‡n trÆ°á»ng Ä‘á»ƒ láº¥y lá»i khai cÃ¡c nhÃ¢n chá»©ng vÃ  Ä‘iá»u tra vá»¥ viá»‡c.

NguyÃªn nhÃ¢n ban Ä‘áº§u cá»§a vá»¥ viá»‡c chá»“ng dÃ¹ng rÃ¬u truy sÃ¡t vá»£ Ä‘Æ°á»£c xÃ¡c Ä‘á»‹nh lÃ  do mÃ¢u thuáº«n tÃ¬nh cáº£m. Lá»±c lÆ°á»£ng chá»©c nÄƒng hiá»‡n táº¡i váº«n Ä‘ang tiáº¿p tá»¥c Ä‘iá»u tra Ä‘á»ƒ lÃ m rÃµ vá»¥ viá»‡c.

PhÆ°Æ¡ng Anh (T/h)
Theo Äá»i sá»‘ng Plus",Timeline Photos,https://www.facebook.com/tinnhanhninhthuan/photos/a.859268640880158.1073741828.859257807547908/880295812110774/?type=3,2017-04-13 20:24:27,5,0,0
859257807547908_877950975678591,photo,"Náº¡n nhÃ¢n bá»‹ tai náº¡n trÃªn Ä‘Æ°á»ng lÃ m nhiá»‡t Ä‘iá»‡n vá» hiá»‡n váº¿t thÆ°Æ¡ng Ä‘áº§u ráº¥t náº·ng. ÄÃ£ chuyá»…n viá»‡n tá»‰nh cáº¥p cá»©u. Anh em nÃ o lÃ m nhiá»‡t Ä‘iá»‡n biáº¿t thÃ´ng tin gÃ¬ dÆ°á»›i Ä‘Ã¢y liÃªn há»‡ ngÆ°á»i nhÃ  giÃºp ngÆ°á»i bá»‹ náº¡n. Náº¡n nhÃ¢n ná»­a tá»‰nh ná»­a mÆ¡ nÃ³i tÃªn lÃ : Quang, cha tÃªn HÆ°á»ng, Máº¹ tÃªn PhÆ°á»£ng. NhÃ  á»Ÿ HÃ²a Thá»§y - An Háº£i. Xe náº±m tai náº¡n táº¡i Cáº§u Bá»±c Lá»Ÿ - VÄ©nh TÃ¢n. Bá»‹ náº¡n lÃºc táº§m 20 giá» ngÃ y 10-4. LH : Anh LÃ¢m - xe cá»©u thÆ°Æ¡ng tá»« thiá»‡n: 0905437999.",Photos from Tin Nhanh Ninh Thuáº­n's post,https://www.facebook.com/tinnhanhninhthuan/photos/a.876674425806246.1073741829.859257807547908/877950762345279/?type=3,2017-04-10 07:45:01,16,6,8
859257807547908_876868162453539,link,ThÃ´ng tin ngÆ°á»i phá»¥ ná»¯ Ä‘ang bá»‹ táº¡m giá»¯ náº±m trong nhÃ³m báº¯t cÃ³c tráº» em gá»“m 10 thÃ nh viÃªn hoáº¡t Ä‘á»™ng táº¡i Ninh Thuáº­n Ä‘ang Ä‘Æ°á»£c lan truyá»n trÃªn máº¡ng xÃ£ há»™i lÃ  khÃ´ng chÃ­nh xÃ¡c.,Cáº£nh sÃ¡t bÃ¡c tin ngÆ°á»i phá»¥ ná»¯ bá»‹ táº¡m giá»¯ vÃ¬ báº¯t cÃ³c tráº» em,http://news.zing.vn/canh-sat-bac-tin-nguoi-phu-nu-bi-tam-giu-vi-bat-coc-tre-em-post735552.html,2017-04-08 16:03:06,17,2,12
859257807547908_871026873037668,link,http://news.zing.vn/nguoi-dan-vay-bat-yeu-rau-xanh-hai-be-gai-5-tuoi-post732971.html,NgÆ°á»i dÃ¢n vÃ¢y báº¯t â€˜yÃªu rÃ¢u xanhâ€™ háº¡i bÃ© gÃ¡i 5 tuá»•i,http://news.zing.vn/nguoi-dan-vay-bat-yeu-rau-xanh-hai-be-gai-5-tuoi-post732971.html,2017-03-31 07:45:34,4,0,2
859257807547908_870650806408608,photo,"Giáº­n anh vá»£, nÃ©m cháº¿t con ruá»™t

TAND tá»‰nh Ninh Thuáº­n vá»«a má»Ÿ phiÃªn tÃ²a xÃ©t xá»­ sÆ¡ tháº©m vÃ  tuyÃªn pháº¡t Mang Long (SN 1995, trÃº thÃ´n LiÃªn SÆ¡n 2, xÃ£ PhÆ°á»›c Vinh, huyá»‡n Ninh PhÆ°á»›c, Ninh Thuáº­n) 18 nÄƒm tÃ¹ vá» tá»™i â€œGiáº¿t ngÆ°á»iâ€.

Theo cÃ¡o tráº¡ng, vá»£ chá»“ng Mang Long cÃ³ má»™t con 3 tuá»•i lÃ  bÃ© Mang XuyÃªn. BÃ© sá»‘ng vá»›i Ã´ng ngoáº¡i á»Ÿ thÃ´n PhÆ°á»›c Thiá»‡n 1, xÃ£ PhÆ°á»›c SÆ¡n, huyá»‡n Ninh PhÆ°á»›c. Khoáº£ng 12 giá» ngÃ y 22/9/2016, Mang Long sau khi Ä‘i uá»‘ng rÆ°á»£u vá»›i anh vá»£ háº¿t 1,5 lÃ­t thÃ¬ cÃ¹ng vá» nhÃ  Ã´ng Mang Lá»™c (cha vá»£ cá»§a Long) nghá»‰ ngÆ¡i.

Táº¡i Ä‘Ã¢y, Mang Long láº¥y cÆ¡m ngá»“i Äƒn vÃ  Ä‘Ãºt cho Mang XuyÃªn cÃ¹ng Äƒn. LÃºc nÃ y, anh vá»£ vá»«a uá»‘ng rÆ°á»£u dÆ°á»›i báº¿p vá»«a chá»­i Ä‘Ã²i Ä‘uá»•i vá»£ chá»“ng Long ra khá»i nhÃ . Long vÃ  anh vá»£ cÃ£i nhau, Ä‘Æ°á»£c bá»‘ vá»£ can, Long ra ngá»“i trÆ°á»›c thá»m.

Äang cÆ¡n bá»±c tá»©c, vá»«a lÃºc tháº¥y chÃ¡u XuyÃªn Ä‘i tá»›i, Long Ã´m con ruá»™t cá»§a mÃ¬nh Ä‘Æ°a lÃªn cao, Ä‘áº­p máº¡nh 2 cÃ¡i xuá»‘ng ná»n nhÃ . Máº·c dÃ¹ Ä‘Æ°á»£c chuyá»ƒn Ä‘i cáº¥p cá»©u nhÆ°ng do váº¿t thÆ°Æ¡ng quÃ¡ náº·ng, chÃ¡u XuyÃªn tá»­ vong táº¡i Bá»‡nh viá»‡n Äa khoa tá»‰nh

http://baophapluat.vn/xet-xu/gian-anh-vo-nem-chet-con-ruot-327021.html",Timeline Photos,https://www.facebook.com/tinnhanhninhthuan/photos/a.859268640880158.1073741828.859257807547908/870650806408608/?type=3,2017-03-30 15:54:05,7,0,1
859257807547908_870638803076475,photo,"ThÃªm má»™t Ä‘á»‘i tÆ°á»£ng bá»‹ báº¯t vÃ¬ cÃ³ hÃ nh vi dÃ¢m Ã´ bÃ© gÃ¡i 5 tuá»•i

NgÃ y 30/3, Trung tÃ¡ ÄÃ ng LÆ°u ChiÃªm DoÃ£n, PhÃ³ trÆ°á»Ÿng CÃ´ng an huyá»‡n Thuáº­n Nam, tá»‰nh Ninh Thuáº­n, cho biáº¿t CÆ¡ quan Cáº£nh sÃ¡t Ä‘iá»u tra CÃ´ng an huyá»‡n Thuáº­n Nam Ä‘Ã£ tá»‘ng Ä‘áº¡t quyáº¿t Ä‘á»‹nh khá»Ÿi tá»‘ bá»‹ can, lá»‡nh báº¯t táº¡m giam 2 thÃ¡ng Ä‘á»‘i vá»›i Nguyá»…n VÄƒn Hiá»n (sinh nÄƒm 1973), á»Ÿ thÃ´n KhÃ¡nh NhÆ¡n, xÃ£ NhÆ¡n Háº£i, huyá»‡n Ninh Háº£i vá» hÃ nh vi dÃ¢m Ã´ Ä‘á»‘i vá»›i tráº» em. 

NhÆ° tin TTXVN Ä‘Ã£ Ä‘Æ°a, vÃ o khoáº£ng 20 giá» ngÃ y 25/3, Ä‘á»‘i tÆ°á»£ng Nguyá»…n VÄƒn Hiá»n Ä‘áº¿n nhÃ  chá»‹ N.T.H á»Ÿ xÃ£ CÃ  NÃ¡, huyá»‡n Thuáº­n Nam chÆ¡i. 

LÃºc nÃ y chÃ¡u H.Ä.N.D (chÆ°a Ä‘áº§y 5 tuá»•i) lÃ  con chá»‹ Ä.T.X.H (nhÃ  á»Ÿ bÃªn cáº¡nh nhÃ  chá»‹ H) Ä‘Ã£ sang nhÃ  chá»‹ N.T.H chÆ¡i.

Tháº¥y trong nhÃ  váº¯ng bÃ³ng ngÆ°á»i lá»›n, Ä‘á»‘i tÆ°á»£ng Nguyá»…n VÄƒn Hiá»n Ä‘Ã£ dá»¥ dá»— vÃ  kÃ©o chÃ¡u H.Ä.N.D vÃ o nhÃ  vá»‡ sinh Ä‘á»ƒ thá»±c hiá»‡n hÃ nh vi dÃ¢m Ã´. 

Do khÃ´ng tháº¥y con, chá»‹ Ä.T.X.H Ä‘Ã£ tÃ¬m vÃ  gá»i chÃ¡u. Nghe tiáº¿ng máº¹ gá»i, chÃ¡u H.Ä.N.D liá»n má»Ÿ cá»­a cháº¡y thoÃ¡t ra ngoÃ i khi Ä‘á»‘i tÆ°á»£ng Nguyá»…n VÄƒn Hiá»n chÆ°a thá»±c hiá»‡n Ä‘Æ°á»£c hÃ nh vi dÃ¢m Ã´. 

Sau Ä‘Ã³, ngÆ°á»i dÃ¢n Ä‘Ã£ vÃ¢y báº¯t Hiá»n, giao cho cÆ¡ quan chá»©c nÄƒng xá»­ lÃ½. Táº¡i cÆ¡ quan cÃ´ng an, Ä‘á»‘i tÆ°á»£ng Nguyá»…n VÄƒn Hiá»n Ä‘Ã£ thá»«a nháº­n hÃ nh vi cá»§a mÃ¬nh. 

Chá»‰ trong thÃ¡ng 3/2017, táº¡i Ninh Thuáº­n Ä‘Ã£ xáº£y ra 3 vá»¥ dÃ¢m Ã´ tráº» em khiáº¿n ngÆ°á»i dÃ¢n vÃ´ cÃ¹ng pháº«n ná»™. 

Hiá»‡n cáº£ 3 vá»¥ Ä‘á»u Ä‘Ã£ Ä‘Æ°á»£c CÆ¡ quan Cáº£nh sÃ¡t Ä‘iá»u tra tá»‘ng Ä‘áº¡t quyáº¿t Ä‘á»‹nh khá»Ÿi tá»‘, báº¯t bá»‹ can táº¡m giam Ä‘á»ƒ xá»­ lÃ½ theo quy Ä‘á»‹nh cá»§a phÃ¡p luáº­t./. 

http://www.vietnamplus.vn/them-mot-doi-tuong-bi-bat-vi-co-hanh-vi-dam-o-be-gai-5-tuoi/438524.vnp",Timeline Photos,https://www.facebook.com/tinnhanhninhthuan/photos/a.859268640880158.1073741828.859257807547908/870638803076475/?type=3,2017-03-30 15:13:22,6,0,1
859257807547908_869375066536182,status,Mang dao Ä‘áº¿n nhÃ  trá» Ä‘Ã¢m ngÆ°á»i yÃªu vÃ¬ ghen,,,2017-03-28 08:12:35,8,0,1
859257807547908_864868930320129,link,"Lá»™c cÃ¹ng nhÃ³m báº¡n ra bá» sÃ´ng Dinh (Ninh Thuáº­n) táº¯m thÃ¬ bá»‹ Ä‘uá»‘i nÆ°á»›c. CÃ¡c em cÃ²n láº¡i hoáº£ng sá»£ bá» cháº¡y vá» nhÃ  trá»‘n.

Chiá»u tá»‘i 19/3, Ã´ng Nguyá»…n Äá»©c Thuáº­n, BÃ­ thÆ° Ä‘áº£ng á»§y kiÃªm Chá»§ tá»‹ch UBND xÃ£ PhÆ°á»›c Thuáº­n (Ninh PhÆ°á»›c, Ninh Thuáº­n) cho biáº¿t lá»±c lÆ°á»£ng chá»©c nÄƒng váº«n tÃ­ch cá»±c tÃ¬m kiáº¿m em Nguyá»…n Lá»™c (7 tuá»•i, há»c sinh lá»›p 1 trÆ°á»ng THCS Thuáº­n HÃ²a, xÃ£ Thuáº­n HÃ²a, Ninh PhÆ°á»›c) bá»‹ Ä‘uá»‘i nÆ°á»›c máº¥t tÃ­ch trÃªn sÃ´ng Dinh sÃ¡ng cÃ¹ng ngÃ y.

Äáº¿n 17h lá»±c lÆ°á»£ng chá»©c nÄƒng váº«n tÃ­ch cá»±c tÃ¬m kiáº¿m thi thá»ƒ em há»c sinh 7 tuá»•i Ä‘uá»‘i nÆ°á»›c trÃªn sÃ´ng Dinh. áº¢nh : Huá»³nh Háº£i.

TrÆ°á»›c Ä‘Ã³, khoáº£ng 9h30, má»™t ngÆ°á»i dÃ¢n Ä‘á»‹a phÆ°Æ¡ng phÃ¡t hiá»‡n má»™t chiáº¿c xe Ä‘áº¡p cÃ¹ng quáº§n Ã¡o vÃ  dÃ©p cá»§a tráº» em bÃªn bá» sÃ´ng Dinh nÃªn trÃ¬nh bÃ¡o Ä‘á»‹a phÆ°Æ¡ng.

Qua tÃ¬m hiá»ƒu, má»™t nhÃ³m há»c sinh ra bá» sÃ´ng Dinh chÆ¡i, sau Ä‘Ã³ Lá»™c xuá»‘ng táº¯m thÃ¬ bá»‹ Ä‘uá»‘i nÆ°á»›c. PhÃ¡t hiá»‡n báº¡n bá»‹ náº¡n, cÃ¡c em cÃ²n láº¡i hoáº£ng sá»£ bá» cháº¡y vá» nhÃ  trá»‘n.
http://www.ninhthuannews.com/2017/03/hang-chuc-nguoi-tim-kiem-hoc-sinh-lop-1-mat-tich-duoi-song.html",HÃ ng chá»¥c ngÆ°á»i tÃ¬m kiáº¿m há»c sinh lá»›p 1 máº¥t tÃ­ch dÆ°á»›i sÃ´ng,http://www.ninhthuannews.com/2017/03/hang-chuc-nguoi-tim-kiem-hoc-sinh-lop-1-mat-tich-duoi-song.html,2017-03-20 08:16:56,28,4,20
859257807547908_862702653870090,link,Ai thÃ­ch mÃ³n nÃ y giá»‘ng mÃ¬nh khÃ´ng nhá»‰ <3,Phan Rang - Ninh Thuáº­n,http://dulichninhthuan.vn/den-ninh-thuan-thuong-thuc-bun-mam-nem-dam-da/,2017-03-16 09:32:51,14,3,0
859257807547908_862217127251976,photo,"ğŸ“¢ Má»Ÿ ráº¡p chiáº¿u phim bom táº¥n táº¡i Phan Rang Ninh Thuáº­n: 

 ğŸ¦ ChÃ o cÃ¡c báº¡n, hiá»‡n táº¡i Ä‘Æ¡n vá»‹ mÃ¬nh Ä‘ang trong quÃ¡ trÃ¬nh chuáº©n bá»‹ Ä‘áº§u tÆ° xÃ¢y dá»±ng 1 cá»¥m ráº¡p vá»›i nhiá»u phÃ²ng chiáº¿u phim táº¡i Ninh Thuáº­n. Vá»›i cÃ¡c tiÃªu chÃ­: hiá»‡n Ä‘áº¡i, thÃ¢n thiá»‡n, tiá»‡n lá»£i vÃ  chuyÃªn nghiá»‡p. Ráº¡p sáº½ cÃ³ thá»ƒ cÃ´ng chiáº¿u sá»›m nháº¥t cÃ¡c bá»™ phim bom táº¥n chiáº¿u ráº¡p, Ä‘Ã¡p á»©ng Ä‘Æ°á»£c nhu cáº§u giáº£i trÃ­ cá»§a Ä‘a Ä‘á»‘i tÆ°á»£ng trong Ä‘á»‹a phÆ°Æ¡ng vÃ  khÃ¡ch du lá»‹ch.

ğŸ‰ Äá»ƒ quÃ¡ trÃ¬nh nÃ y Ä‘Æ°á»£c xÃºc tiáº¿n nhanh chÃ³ng (sá»›m nháº¥t cÃ³ thá»ƒ vÃ o giá»¯a nÄƒm 2017 náº¿u sá»‘ liá»‡u lÃ  tÃ­ch cá»±c), cÃ¡c báº¡n vui lÃ²ng Ä‘iá»n giÃºp mÃ¬nh kháº£o sÃ¡t bÃªn dÆ°á»›i Ä‘Ã¢y nhÃ©. 

ğŸ’² ğŸ’²QuÃ  táº·ng ğŸ’² ğŸ’²: Táº¥t cáº£ cÃ¡c báº¡n Ä‘iá»n Ä‘á»§ 5 cÃ¢u kháº£o sÃ¡t dÆ°á»›i Ä‘Ã¢y sáº½ Ä‘Æ°á»£c táº·ng phiáº¿u giáº£m giÃ¡ vÃ© 50% cho láº§n Ä‘áº§u tiÃªn Ä‘áº¿n ráº¡p xem (BÃªn mÃ¬nh sáº½ chá»‘t kháº£o sÃ¡t vÃ o ngÃ y 26/03)

â€¼ï¸ CÃ¢u há»i kháº£o sÃ¡t â€¼ï¸

1. Báº¡n trong Ä‘á»™ tuá»•i nÃ o? 
a. 13-18
b. 18-28
c. TrÃªn 28

2. Nhu cáº§u Ä‘áº¿n ráº¡p xem phim cá»§a báº¡n?
a. Nhiá»u láº§n má»—i thÃ¡ng
b. Má»—i thÃ¡ng 1 vÃ i láº§n tÃ¹y phim
c. VÃ i thÃ¡ng 1 láº§n Ä‘á»ƒ thay Ä‘á»•i khÃ´ng khÃ­
d. KhÃ´ng thÃ­ch vÃ o ráº¡p, á»Ÿ nhÃ  xem online cho Ä‘á»¡ tá»‘n kÃ©m

3. Má»©c giÃ¡ vÃ© theo báº¡n á»Ÿ má»©c ""cháº¥p nháº­n Ä‘Æ°á»£c"" Ä‘á»ƒ xem phim hiá»‡u á»©ng 3D lÃ  bao nhiÃªu má»™t vÃ©?
a. 50-60k
b. 70-80k
c. 80-90k
d. 100-120k

4. Báº¡n cÃ³ thÃ­ch xem phim khÃ´ng?
a. ThÆ°á»ng xuyÃªn
b. Thá»‰nh thoáº£ng
c. KhÃ´ng ráº£nh Ä‘á»ƒ xem

5. Báº¡n thÃ­ch kiá»ƒu áº©m thá»±c nhÆ° tháº¿ nÃ o nháº¥t Ä‘á»ƒ thÆ°á»Ÿng thá»©c ngoÃ i ráº¡p (ngoÃ i báº¯p rang vÃ  nÆ°á»›c ngá»t)?
a. Fastfood kiá»ƒu tÃ¢y (gÃ  rÃ¡n, khoai tÃ¢y chiÃªn, beefsteak, hamburger v.v...)
b. áº¨m thá»±c chÃ¢u Ã: cÃ¡c mÃ³n Äƒn Nháº­t - HÃ n - ThÃ¡i... 
c. Sao cÅ©ng Ä‘Æ°á»£c miá»…n lÃ  ngon
d. Äáº¿n xem phim thÃ´i, khÃ´ng Äƒn gÃ¬ cáº£

<3 Cáº£m Æ¡n cÃ¡c báº¡n Ä‘Ã£ Ä‘á»c tin vÃ  lÃ m kháº£o sÃ¡t, hÃ£y share giÃºp mÃ¬nh Ä‘á»ƒ cÃ³ Ä‘Æ°á»£c sá»‘ liá»‡u Ä‘a dáº¡ng nhÃ©! Hy vá»ng sáº½ sá»›m gáº·p láº¡i cÃ¡c báº¡n táº¡i cá»¥m ráº¡p nÃ y trong má»™t ngÃ y gáº§n nháº¥t.
Theo fb ráº¡p chiáº¿u phim ninh thuáº­n",Timeline Photos,https://www.facebook.com/tinnhanhninhthuan/photos/a.859268640880158.1073741828.859257807547908/862217127251976/?type=3,2017-03-15 10:37:34,11,7,3
859257807547908_861924147281274,link,"Báº¯t hai tÃªn cÆ°á»›p manh Ä‘á»™ng táº¡i khu vá»±c Phan rang :(
dáº¡o nÃ y ra Ä‘Æ°á»ng nguy hiá»ƒm quÃ¡",Báº¯t hai tÃªn cÆ°á»›p manh Ä‘á»™ng,http://dulichninhthuan.vn/bat-hai-ten-cuop-manh-dong/,2017-03-14 22:17:33,10,1,23
859257807547908_861214377352251,video,Du lá»‹ch Ninh Thuáº­n thÃ´i :),Phan Rang - Ninh Thuáº­n,https://www.facebook.com/phanrangninhthuanvn/videos/2261757684049512/,2017-03-13 15:39:59,11,0,0
859257807547908_860726244067731,photo,"Khoáº£ng 8 giá» 30 phÃºt ngÃ y 12/3, táº¡i tuyáº¿n Ä‘Æ°á»ng liÃªn xÃ£ ná»‘i xÃ£ PhÆ°á»›c Nam vá»›i PhÆ°á»›c Dinh, huyá»‡n Thuáº­n Nam (tá»‰nh Ninh Thuáº­n) Ä‘Ã£ xáº£y ra vá»¥ tai náº¡n giao thÃ´ng do báº¥t cáº©n trong khi Ä‘iá»u khiá»ƒn xe mÃ¡y. Vá»¥ tai náº¡n Ä‘Ã£ khiáº¿n 1 há»c sinh tá»­ vong táº¡i chá»—, 1 há»c sinh bá»‹ thÆ°Æ¡ng.

Cá»¥ thá»ƒ, vÃ o thá»i Ä‘iá»ƒm trÃªn, cÃ¡c em há»c sinh lá»›p 11 C10, trÆ°á»ng Trung há»c phá»• thÃ´ng An PhÆ°á»›c, huyá»‡n Ninh PhÆ°á»›c tá»• chá»©c Ä‘i dÃ£ ngoáº¡i Ä‘áº¿n vÃ¹ng biá»ƒn xÃ£ PhÆ°á»›c Dinh, huyá»‡n Thuáº­n Nam. TrÃªn Ä‘Æ°á»ng Ä‘i, 2 há»c sinh (1 nam, 1 ná»¯) chá»Ÿ nhau trÃªn má»™t chiáº¿c xe mÃ¡y vá»«a Ä‘i vá»«a trÃ² chyá»‡n, thiáº¿u quan sÃ¡t Ä‘Ã£ Ä‘Ã¢m vÃ o cá»™t cÃ¢y sá»‘ bÃªn Ä‘Æ°á»ng.

Vá»¥ tai náº¡n Ä‘Ã£ lÃ m em há»c sinh ná»¯ tÃªn lÃ  BÃ¡ Thá»‹ Há»“ng Nga (sinh nÄƒm 2000, ngá»“i sau xe mÃ¡y, khÃ´ng Ä‘á»™i mÅ© báº£o hiá»ƒm) tá»­ vong táº¡i chá»—; em há»c sinh nam Ä‘iá»u khiá»ƒn xe mÃ¡y (chÆ°a rÃµ danh tÃ­nh) bá»‹ thÆ°Æ¡ng, sau Ä‘Ã³ Ä‘Ã£ Ä‘Æ°á»£c ngÆ°á»i dÃ¢n Ä‘Æ°a Ä‘áº¿n Bá»‡nh viá»‡n Äa khoa tá»‰nh Ninh Thuáº­n cáº¥p cá»©u. 

Vá»¥ tai náº¡n nÃ y lÃ  lá»i cáº£nh bÃ¡o khi tham gia giao thÃ´ng, ngÆ°á»i Ä‘iá»u khiá»ƒn xe mÃ¡y pháº£i táº­p trung, chÃº Ã½ quan sÃ¡t, cÃ²n ngÆ°á»i ngá»“i sau xe mÃ¡y pháº£i nghiÃªm tÃºc cháº¥p hÃ nh quy Ä‘á»‹nh Ä‘á»™i mÅ© báº£o hiá»ƒm.

CÃ´ng Thá»­ (TTXVN)",Timeline Photos,https://www.facebook.com/tinnhanhninhthuan/photos/a.859268640880158.1073741828.859257807547908/860726244067731/?type=3,2017-03-12 22:03:55,5,0,0
859257807547908_860665987407090,photo,"TrÆ°a 12-3, lá»±c lÆ°á»£ng cáº£nh sÃ¡t hÃ¬nh sá»± CÃ´ng an Ninh Thuáº­n Ä‘Ã£ báº¯t kháº©n cáº¥p Trá»‹nh VÄƒn Sá»­u (46 tuá»•i, ngá»¥ xÃ£ PhÆ°á»›c Háº£i, huyá»‡n Ninh PhÆ°á»›c, tá»‰nh Ninh ThuÃ¢n) Ä‘á»ƒ Ä‘iá»u tra vá» hÃ nh vi â€œhiáº¿p dÃ¢mâ€, â€œcÆ°á»›p tÃ i sáº£nâ€.

Náº¡n nhÃ¢n lÃ  em H.P (9 tuá»•i, á»Ÿ xÃ£ An Háº£i, huyá»‡n Ninh PhÆ°á»›c).

TrÆ°á»›c Ä‘Ã³, vÃ o ngÃ y 7-3, Sá»­u Ä‘áº¿n nhÃ  cá»§a P. Ä‘á»ƒ nháº­u vá»›i Ã´ng ngoáº¡i cá»§a em nÃ y. TÃ n cuá»™c nháº­u, Sá»­u dá»¥ chá»Ÿ P. ra ngoÃ i Ä‘á»“ng váº¯ng báº±ng chiáº¿c xe Ä‘áº¡p cá»§a gia Ä‘Ã¬nh em. Sau khi thá»±c hiá»‡n hÃ nh vi hiáº¿p dÃ¢m vá»›i P, Sá»­u cÃ²n lá»™t láº¥y Ä‘Ã´i bÃ´ng tai cá»§a em, mang bÃ¡n Ä‘Æ°á»£c gáº§n 200 ngÃ n Ä‘á»“ng rá»“i bá» trá»‘n.

Qua Ä‘iá»u tra, cÃ´ng an hÃ¬nh sá»± tá»‰nh Ninh Thuáº­n Ä‘Ã£ báº¯t giá»¯ yÃªu rÃ¢u xanh nÃ³i trÃªn khi Ä‘ang láº©n trá»‘n táº¡i phÆ°á»ng PhÆ°á»›c Má»¹, TP Phan Rang â€“ ThÃ¡p ChÃ m, tá»‰nh Ninh Thuáº­n.

Sá»­u lÃ  Ä‘á»‘i tÆ°á»£ng cÃ³ tiá»n Ã¡n, chá»‰ vá»«a ra tÃ¹ vÃ¬ tá»™i â€œCÆ°á»›p giáº­t vÃ  lá»«a Ä‘áº£oâ€ hÃ´m 15-2-2017.

Theo bÃ¡o: nld.com.vn",Timeline Photos,https://www.facebook.com/tinnhanhninhthuan/photos/a.859268640880158.1073741828.859257807547908/860665987407090/?type=3,2017-03-12 19:59:06,17,11,27
859257807547908_859990020808020,photo,"Bá»‹ Ã´tÃ´ á»§i 'bay' 10m trÃªn quá»‘c lá»™, hai máº¹ con thÆ°Æ¡ng vong

Vá»¥ tai náº¡n xáº£y ra vÃ o 11h30 ngÃ y 11/3 trÃªn quá»‘c lá»™ 1, khu vá»±c ngÃ£ tÆ° Dáº§u GiÃ¢y (huyá»‡n Thá»‘ng Nháº¥t, tá»‰nh Äá»“ng Nai).
Thá»i gian nÃ y, bÃ  LÃ½ Thá»‹ ThÆ¡ (40 tuá»•i, quÃª Ninh Thuáº­n) Ä‘iá»u khiá»ƒn xe mÃ¡y tay ga biá»ƒn sá»‘ 85C1-112.47 chá»Ÿ theo con trai lÃ  DÆ°Æ¡ng Táº¥n Tuáº¥n lÆ°u thÃ´ng hÆ°á»›ng Ninh Thuáº­n â€“ TP.HCM. Khi Ä‘áº¿n ngÃ£ giao, xe cá»§a bÃ  nÃ y bá»‹ Ã´tÃ´ táº£i biá»ƒn sá»‘ 60C-083.15 (chÆ°a rÃµ tÃ i xáº¿ Ä‘iá»u khiá»ƒn) lÆ°u thÃ´ng cÃ¹ng chiá»u lao tá»›i tÃ´ng trÃºng.

Hai ngÆ°á»i trÃªn xe mÃ¡y ngÃ£ xuá»‘ng Ä‘Æ°á»ng vÃ  bá»‹ Ã´tÃ´ táº£i á»§i Ä‘i má»™t Ä‘oáº¡n khoáº£ng 10m. Tai náº¡n lÃ m bÃ  ThÆ¡ tá»­ vong trÃªn Ä‘Æ°á»ng Ä‘i cáº¥p cá»©u, Tuáº¥n bá»‹ thÆ°Æ¡ng náº·ng á»Ÿ tay.

Nháº­n tin bÃ¡o, lá»±c lÆ°á»£ng cáº£nh sÃ¡t giao thÃ´ng CÃ´ng an huyá»‡n Thá»‘ng Nháº¥t cÃ³ máº·t táº¡i hiá»‡n trÆ°á»ng phá»‘i há»£p cÃ¡c Ä‘Æ¡n vá»‹ nghiá»‡p vá»¥ tá»• chá»©c Ä‘iá»u tra lÃ m rÃµ vá»¥ viá»‡c.

Äáº¿n 12h cÃ¹ng ngÃ y, cÃ¡c phÆ°Æ¡ng tiá»‡n vá»¥ tai náº¡n Ä‘Æ°á»£c di chuyá»ƒn khá»i hiá»‡n trÆ°á»ng.

Thanh ThiÃªn

http://phunuonline.com.vn/thoi-su/bi-oto-ui-bay-10m-tren-quoc-lo-hai-me-con-thuong-vong-95248/",Timeline Photos,https://www.facebook.com/tinnhanhninhthuan/photos/a.859268640880158.1073741828.859257807547908/859990020808020/?type=3,2017-03-11 14:58:55,5,0,2
859257807547908_859861330820889,video,Tuyá»‡t vá»i Ninh Thuáº­n quÃª tÃ´i :),Phan Rang - Ninh Thuáº­n,https://www.facebook.com/phanrangninhthuanvn/videos/2258565771035370/,2017-03-11 08:48:10,2,0,0
859257807547908_859522254188130,link,"LÃ  dÃ¢n miá»n biá»ƒn, nÃªn ráº¥t thÃ­ch Äƒn háº£i sáº£n, Ä‘áº·c biáº¿t lÃ  biá»ƒn Ninh Thuáº­n :)",Tá»•ng há»£p cÃ¡c mÃ³n háº£i sáº£n ngon nháº¥t,http://chiase24h.info/tong-hop-cac-mon-hai-san-ngon-nhat/,2017-03-10 20:00:34,4,0,5
859257807547908_859269824213373,photo,"Hang RÃ¡i- VÄ©nh Hy má»™t ngÃ y Ä‘áº§u xuÃ¢n..
áº¢nh: NAG ÄINH VÄ‚N BIÃŠN",Timeline Photos,https://www.facebook.com/tinnhanhninhthuan/photos/a.859268640880158.1073741828.859257807547908/859269824213373/?type=3,2017-03-10 08:32:15,5,0,0
859257807547908_859268797546809,photo,"CÃ  NÃ¡
áº¢nh: CoGo Pan",Timeline Photos,https://www.facebook.com/tinnhanhninhthuan/photos/a.859268640880158.1073741828.859257807547908/859268797546809/?type=3,2017-03-10 08:29:42,4,0,0
859257807547908_859268614213494,photo,"Sá»‘ pháº­n dá»± Ã¡n thÃ©p CÃ  NÃ¡ Ä‘Æ°á»£c Ä‘á»‹nh Ä‘oáº¡t.

Theo má»™t thÃ´ng tin tÃ´i vá»«a nháº­n Ä‘Æ°á»£c, vÃ o chiá»u qua dá»± Ã¡n Khu liÃªp há»£p thÃ©p CÃ  NÃ¡ cá»§a Táº­p Ä‘oÃ n Hoa Sen gáº§n nhÆ° Ä‘Ã£ Ä‘Æ°á»£c kháº³ng Ä‘á»‹nh sáº½ khÃ´ng phÃª duyá»‡t. BÃ¢y giá» sá»‘ pháº­n dá»± Ã¡n nÃ y cÃ²n chá» má»™t thÃ´ng bÃ¡o chÃ­nh thá»©c. Hoáº·c sáº½ cháº³ng bao giá» cÃ³ má»™t thÃ´ng bÃ¡o chÃ­nh thá»©c nÃ o. ;)

RÃµ rÃ ng, nhá»¯ng ná»— lá»±c cá»§a cá»™ng Ä‘á»“ng trong viá»‡c Ä‘áº¥u tranh loáº¡i bá» nhá»¯ng dá»± Ã¡n tiá»m áº©n nguy cÆ¡ huá»· hoáº¡i mÃ´i trÆ°á»ng, gÃ¢y báº¥t an trong nhÃ¢n dÃ¢n, báº¥t á»•n trong xÃ£ há»™i, Ä‘Ã£ khÃ´ng há» lÃ£ng phÃ­. Má»™t láº§n ná»¯a, máº¡ng xÃ£ há»™i chá»©ng tá» Ä‘Æ°á»£c vai trÃ² cá»§a mÃ¬nh trong viá»‡c pháº£n biá»‡n cÃ¡c chá»§ trÆ°Æ¡ng chÃ­nh sÃ¡ch cá»§a nhÃ  nÆ°á»›c vÃ  giÃ¡m sÃ¡t hoáº¡t Ä‘á»™ng cá»§a cÃ¡c cÆ¡ quan chá»©c nÄƒng.

TÃ´i xin gá»­i lá»i chia buá»“n tá»›i anh LÃª PhÆ°á»›c VÅ©, chá»§ tá»‹ch há»™i Ä‘á»“ng quáº£n trá»‹ Táº­p Ä‘oÃ n Hoa Sen.

Äá»“ng thá»i, nhÃ¢n Ä‘Ã¢y cÅ©ng cung cáº¥p má»™t thÃªm má»™t tÆ° liá»‡u Ä‘á»ƒ cÃ¡c anh chá»‹ náº¯m Ä‘Æ°á»£c thÃ´ng tin vá» dá»± Ã¡n thÃ©p CÃ  NÃ¡. Theo Bá»™ CÃ´ng thÆ°Æ¡ng, viá»‡c bá»• sung dá»± Ã¡n thÃ©p CÃ  NÃ¡ vÃ o quy hoáº¡ch theo Quyáº¿t Ä‘á»‹nh 3516/QÄ-BCT cá»§a Bá»™ CÃ´ng thÆ°Æ¡ng ngÃ y 25-8-2016 lÃ  dá»±a trÃªn dá»± Ã¡n thÃ©p CÃ  NÃ¡ cÅ© cá»§a Vinashin - Lion.

Tuy nhiÃªn, thá»i Ä‘iá»ƒm Bá»™ CÃ´ng thÆ°Æ¡ng bá»• sung quy hoáº¡ch, thá»±c táº¿ Ä‘Ã£ khÃ´ng cÃ²n tá»“n táº¡i má»™t dá»± Ã¡n thÃ©p á»Ÿ CÃ  NÃ¡ táº¡i Ninh Thuáº­n. Bá»Ÿi, sau khi thu há»“i giáº¥y phÃ©p Ä‘áº§u tÆ° cá»§a Vinashin - Lion, ngÃ y 19-5-2011, Thá»§ tÆ°á»›ng ChÃ­nh phá»§ Nguyá»…n Táº¥n DÅ©ng khi Ä‘Ã³ Ä‘Ã£ kÃ½ vÄƒn báº£n sá»‘ 787/Ttg- KTN vá»›i ná»™i dung chuyá»ƒn Ä‘á»•i cÃ´ng nÄƒng dá»± Ã¡n thÃ©p CÃ  NÃ¡. TÃ´i post vÄƒn báº£n nÃ y á»Ÿ hÃ¬nh dÆ°á»›i.

VÄƒn báº£n nÃ y nÃªu rÃµ: ""Äá»“ng Ã½ chuyá»ƒn Ä‘á»•i dá»± Ã¡n Khu liÃªp há»£p thÃ©p CÃ  NÃ¡, tá»‰nh Ninh Thuáº­n, thÃ nh Khu cÃ´ng nghiá»‡p CÃ  NÃ¡ vÃ  bá»• sung khu cÃ´ng nghiá»‡p nÃ y vá»›i diá»‡n tÃ­ch 1.000ha vÃ o danh má»¥c khu cÃ´ng nghiá»‡p Æ°u tiÃªn thÃ nh láº­p Ä‘áº¿n nÄƒm 2015 vÃ  Ä‘á»‹nh hÆ°á»›ng Ä‘áº¿n nÄƒm 2020"".",Timeline Photos,https://www.facebook.com/tinnhanhninhthuan/photos/a.859268640880158.1073741828.859257807547908/859268614213494/?type=3,2017-03-10 08:28:46,2,0,0
859257807547908_859259547547734,photo,,Tin Nhanh Ninh Thuáº­n,https://www.facebook.com/tinnhanhninhthuan/photos/a.859259327547756.1073741827.859257807547908/859259337547755/?type=3,2017-03-10 08:20:37,2,0,0
859257807547908_859258117547877,photo,,Tin Nhanh Ninh Thuáº­n's cover photo,https://www.facebook.com/tinnhanhninhthuan/photos/a.859258094214546.1073741826.859257807547908/859258014214554/?type=3,2017-03-10 08:19:26,8,1,3
